multipart,dist
application,0.0433201296337
image,0.0308606169216
text,0.0215329981682
audio,0.00324553626588
chemical,0.000494903383988
video,0.000437917176997
message,0.000150773204164
