multipart,dist
application,0.268638946127
image,0.198607323612
text,0.144794066079
video,0.0551890569073
audio,0.0454763747363
chemical,0.00291780138826
message,0.000768097289846
