multipart,dist
application,0.16686504045
image,0.159174433325
text,0.113465504492
audio,0.0156015177184
chemical,0.00251754083378
video,0.00172428207344
message,0.000723532877814
