multipart,dist
application,0.415693889931
image,0.178328384009
video,0.167950424822
text,0.135906122756
audio,0.0992809537592
chemical,0.00254643708147
message,0.000293787640302
