multipart,dist
image,0.318184864723
application,0.31448561506
text,0.204121891455
audio,0.0289866497737
chemical,0.00545266671363
video,0.00304377990721
message,0.00116355295711
