multipart,dist
application,0.0140614718932
text,0.0108057512226
image,0.00944360848644
audio,0.0012208448185
video,0.000187537315818
chemical,0.000160933156536
message,2.17992720584e-05
