multipart,dist
image,0.56836880815
application,0.236178605889
text,0.145223301261
audio,0.0455101376059
video,0.00296845326991
chemical,0.000920123935777
message,0.000830569888593
