multipart,dist
application,0.0221387562913
image,0.00499241231283
text,0.00420161101389
audio,0.000665556350556
video,0.000138571480375
chemical,6.14243089295e-05
message,9.38970327584e-06
