multipart,dist
application,0.375006544061
image,0.332057601135
text,0.246370910249
audio,0.0340549988665
video,0.00572055445904
chemical,0.00524133725904
message,0.00154805397055
