none_multipart,dist
mp4,0.492878635908
x-msvideo,0.216960882648
quicktime,0.120245737212
3gpp,0.0889568706118
x-flv,0.0809578736209
