none_multipart,dist
x-pdb,0.388533305423
x-cache,0.298848446302
x-cdx,0.150611737743
x-cif,0.122803768916
x-mdl-rdfile,0.0392027416156
