none_multipart,dist
jpeg,0.482100794921
png,0.382208319089
gif,0.095159577779
tiff,0.0211725091045
svg+xml,0.0193587991057
