none_multipart,dist
mpeg,0.682155985954
ogg,0.114991873185
x-wav,0.0965604262122
basic,0.0774743006428
midi,0.0288174140062
