none_multipart,dist
x-httpd-php,0.265214450928
pdf,0.212374142787
javascript,0.185988208228
java-vm,0.171411075929
xml,0.165012122128
