none_multipart,dist
html,0.371765075773
plain,0.249434414201
x-chdr,0.147820551535
x-csrc,0.121766014487
x-java,0.109213944004
